condition_robbe	condition	batch	sample 	strain	mycorrhization_percentage	root_hairs	root_mass	shoot_mass	prop_root	prop_shoot	observer	comments
control	control	A	B1	HH1	35	y	331	230	0,5900178253	0,4099821747	journey	
control	control	A	B1	HH1	2	y	331	230	0,5900178253	0,4099821747	journey	
control	control	A	B1	HH1	15	y	331	230	0,5900178253	0,4099821747	journey	
control	control	A	B1	LS4	40	y	423	230	0,6477794793	0,3522205207	journey	
control	control	A	B1	LS4	0	y	423	230	0,6477794793	0,3522205207	journey	
control	control	A	B1	LS4	5	y	423	230	0,6477794793	0,3522205207	journey	
control	control	A	B2	HH1	5	y	333,3	310	0,5181097466	0,4818902534	journey	
control	control	A	B2	HH1	40	y	333,3	310	0,5181097466	0,4818902534	journey	
control	control	A	B2	HH1	55	y	333,3	310	0,5181097466	0,4818902534	journey	
control	control	A	B2	LS4	70	y	410	310	0,5694444444	0,4305555556	journey	
control	control	A	B2	LS4	70	y	410	310	0,5694444444	0,4305555556	journey	
control	control	A	B2	LS4	20	y	410	310	0,5694444444	0,4305555556	journey	
control	control	A	B3	HH1	25	y	358	280	0,5611285266	0,4388714734	Benthe	Wortelhaartjes enkel zichtbaar bovenaan
control	control	A	B3	HH1	0	y	358	280	0,5611285266	0,4388714734	Benthe	
control	control	A	B3	HH1	51	y	358	280	0,5611285266	0,4388714734	Benthe	
control	control	A	B3	LS4	0	y	310	280	0,5254237288	0,4745762712	Benthe	
control	control	A	B3	LS4	0	y	310	280	0,5254237288	0,4745762712	Benthe	
control	control	A	B3	LS4	0	y	310	280	0,5254237288	0,4745762712	Benthe	
control	control	A	B4	HH1	0	y	208	190	0,5226130653	0,4773869347	Benthe	
control	control	A	B4	HH1	10	y	208	190	0,5226130653	0,4773869347	Benthe	
control	control	A	B4	HH1	0	y	208	190	0,5226130653	0,4773869347	Benthe	
control	control	A	B4	LS4	0	y	290	190	0,6041666667	0,3958333333	Benthe	
control	control	A	B4	LS4	0	y	290	190	0,6041666667	0,3958333333	Benthe	
control	control	A	B4	LS4	0	y	290	190	0,6041666667	0,3958333333	Benthe	
control	control	A	B5	HH1	5	y	280	220	0,56	0,44	journey	
control	control	A	B5	HH1	1	y	280	220	0,56	0,44	journey	
control	control	A	B5	HH1	2	y	280	220	0,56	0,44	journey	
control	control	A	B5	LS4	20	y	179,7	220	0,4495871904	0,5504128096	journey	
control	control	A	B5	LS4	60	y	179,7	220	0,4495871904	0,5504128096	journey	
control	control	A	B5	LS4	10	y	179,7	220	0,4495871904	0,5504128096	journey	
50µM	50µM	B	B6	HH1	10	y	210	190	525	475	Benthe	
50µM	50µM	B	B6	HH1	0	y	210	190	525	475	Benthe	
50µM	50µM	B	B6	HH1	0	y	210	190	525	475	Benthe	
50µM	50µM	B	B6	LS4	47	y	220	190	0,5365853659	0,4634146341	Benthe	Wortelhaartjes enkel zichtbaar bovenaan de wortel. Wit mycelium deels zichtbaar onderaan
50µM	50µM	B	B6	LS4	65	y	220	190	0,5365853659	0,4634146341	Benthe	
50µM	50µM	B	B6	LS4	0	y	220	190	0,5365853659	0,4634146341	Benthe	
50µM	50µM	B	B7	HH1	70	y	234,6	250	0,4841106067	0,5158893933	journey	veel buds die dan veel dichitoom vertakkingen hadden meegetelt
50µM	50µM	B	B7	HH1	5	y	234,6	250	0,4841106067	0,5158893933	journey	
50µM	50µM	B	B7	HH1	60	y	234,6	250	0,4841106067	0,5158893933	journey	
50µM	50µM	B	B7	LS4	30	y	168,8	250	0,4030563515	0,5969436485	journey	
50µM	50µM	B	B7	LS4	25	y	168,8	250	0,4030563515	0,5969436485	journey	
50µM	50µM	B	B7	LS4	40	y	168,8	250	0,4030563515	0,5969436485	journey	
50µM	50µM	B	B8	HH1	2	y	238,4	220	0,520069808	0,479930192	journey	sommige dichitoom vertakte buds klein
50µM	50µM	B	B8	HH1	20	y	238,4	220	0,520069808	0,479930192	journey	
50µM	50µM	B	B8	HH1	10	y	238,4	220	0,520069808	0,479930192	journey	
50µM	50µM	B	B8	LS4	0	y	409,5	220	0,6505162828	0,3494837172	journey	
50µM	50µM	B	B8	LS4	5	y	409,5	220	0,6505162828	0,3494837172	journey	dichitome buds met wortelhaar maar wel mycelium rond
50µM	50µM	B	B8	LS4	0	y	409,5	220	0,6505162828	0,3494837172	journey	
50µM	50µM	B	B9	HH1	50	y	160	160	0,5	0,5	Benthe	Wortelhaartjes enkel zichtbaar bovenaan
50µM	50µM	B	B9	HH1	0	y	160	160	0,5	0,5	Benthe	
50µM	50µM	B	B9	HH1	0	n	160	160	0,5	0,5	Benthe	
50µM	50µM	B	B9	LS4	80	n	160	160	0,5	0,5	Benthe	
50µM	50µM	B	B9	LS4	50	y	160	160	0,5	0,5	Benthe	
50µM	50µM	B	B9	LS4	33	y	160	160	0,5	0,5	Benthe	Wortelhaartjes zichtbaar slechts in heel lage dichtheid
50µM	50µM	B	B10	HH1	0	y	181	60	0,7510373444	0,2489626556	journey	
50µM	50µM	B	B10	HH1	0	y	181	60	0,7510373444	0,2489626556	journey	
50µM	50µM	B	B10	HH1	0	y	181	60	0,7510373444	0,2489626556	journey	
50µM	50µM	B	B10	LS4	0	y	82,7	60	0,5795374912	0,4204625088	journey	
50µM	50µM	B	B10	LS4	10	y	82,7	60	0,5795374912	0,4204625088	journey	
50µM	50µM	B	B10	LS4	40	y	82,7	60	0,5795374912	0,4204625088	journey	dichitoom vertakte buds een beetje lang maar geen wortelhaar
200µM	50µM	C	B11	HH1	95	y	320	310	0,5079365079	0,4920634921	journey	
200µM	50µM	C	B11	HH1	5	y	320	310	0,5079365079	0,4920634921	journey	
200µM	50µM	C	B11	HH1	20	y	320	310	0,5079365079	0,4920634921	journey	
200µM	50µM	C	B11	LS4	25	y	494,6	310	0,6147153865	0,3852846135	journey	
200µM	50µM	C	B11	LS4	5	y	494,6	310	0,6147153865	0,3852846135	journey	
200µM	50µM	C	B11	LS4	5	y	494,6	310	0,6147153865	0,3852846135	journey	
200µM	50µM	C	B12	HH1	40	y	405,2	250	0,6184371184	0,3815628816	journey	mycelium zihtbaar
200µM	50µM	C	B12	HH1	5	y	405,2	250	0,6184371184	0,3815628816	journey	
200µM	50µM	C	B12	HH1	30	y	405,2	250	0,6184371184	0,3815628816	journey	
200µM	50µM	C	B12	LS4	60	y	275,8	250	0,5245340434	0,4754659566	journey	
200µM	50µM	C	B12	LS4	60	y	275,8	250	0,5245340434	0,4754659566	journey	
200µM	50µM	C	B12	LS4	40	y	275,8	250	0,5245340434	0,4754659566	journey	
200µM	50µM	C	B13	HH1	25	y	268	180	0,5982142857	0,4017857143	Benthe	
200µM	50µM	C	B13	HH1	0	n	268	180	0,5982142857	0,4017857143	Benthe	
200µM	50µM	C	B13	HH1	0	y	268	180	0,5982142857	0,4017857143	Benthe	
200µM	50µM	C	B13	LS4	20	y	206	180	0,5336787565	0,4663212435	Benthe	Enkel dichotoom vertakte worteltjes bij begin van de wortel --> oud mycelium?
200µM	50µM	C	B13	LS4	0	y	206	180	0,5336787565	0,4663212435	Benthe	
200µM	50µM	C	B13	LS4	90	y	206	180	0,5336787565	0,4663212435	Benthe	
200µM	50µM	C	B14	HH1	0	y	195,5	250	0,4388327722	0,5611672278	journey	
200µM	50µM	C	B14	HH1	8	y	195,5	250	0,4388327722	0,5611672278	journey	
200µM	50µM	C	B14	HH1	1	y	195,5	250	0,4388327722	0,5611672278	journey	meerdere dichitoom vertakte buds waarvan er veel haar bevatten, deze niet meegerekend
200µM	50µM	C	B14	LS4	5	y	325,8	250	0,5658214658	0,4341785342	journey	
200µM	50µM	C	B14	LS4	1	y	325,8	250	0,5658214658	0,4341785342	journey	
200µM	50µM	C	B14	LS4	1	y	325,8	250	0,5658214658	0,4341785342	journey	alg
200µM	50µM	C	B15	HH1	0	y	318	180	0,6385542169	0,3614457831	Benthe	
200µM	50µM	C	B15	HH1	0	y	318	180	0,6385542169	0,3614457831	Benthe	
200µM	50µM	C	B15	HH1	0	y	318	180	0,6385542169	0,3614457831	Benthe	
200µM	50µM	C	B15	LS4	16	y	187	180	0,5095367847	0,4904632153	Benthe	
200µM	50µM	C	B15	LS4	10	y	187	180	0,5095367847	0,4904632153	Benthe	
200µM	50µM	C	B15	LS4	0	y	187	180	0,5095367847	0,4904632153	Benthe	
control	control	D	B16	HH1	0	y	290	240	0,5471698113	0,4528301887	Benthe	
control	control	D	B16	HH1	0	n	290	240	0,5471698113	0,4528301887	Benthe	
control	control	D	B16	HH1	0	y	290	240	0,5471698113	0,4528301887	Benthe	
control	control	D	B16	LS4	0	y	330	240	0,5789473684	0,4210526316	Benthe	
control	control	D	B16	LS4	0	n	330	240	0,5789473684	0,4210526316	Benthe	
control	control	D	B16	LS4	0	y	330	240	0,5789473684	0,4210526316	Benthe	
control	control	D	B17	HH1	0	y	190	280	0,4042553191	0,5957446809	Benthe	
control	control	D	B17	HH1	0	y	190	280	0,4042553191	0,5957446809	Benthe	
control	control	D	B17	HH1	0	y	190	280	0,4042553191	0,5957446809	Benthe	
control	control	D	B17	LS4	0	y	196	280	0,4117647059	0,5882352941	Benthe	
control	control	D	B17	LS4	0	y	196	280	0,4117647059	0,5882352941	Benthe	
control	control	D	B17	LS4	0	y	196	280	0,4117647059	0,5882352941	Benthe	
control	control	D	B18	HH1	10	y	350	300	0,5384615385	0,4615384615	journey	
control	control	D	B18	HH1	50	y	350	300	0,5384615385	0,4615384615	journey	
control	control	D	B18	HH1	5	y	350	300	0,5384615385	0,4615384615	journey	
control	control	D	B18	LS4	2	y	340	300	0,53125	0,46875	journey	
control	control	D	B18	LS4	10	y	340	300	0,53125	0,46875	journey	
control	control	D	B18	LS4	40	y	340	300	0,53125	0,46875	journey	misschien oud mycelium?
control	control	D	B19	HH1	0	y	181,6	130	0,5827984596	0,4172015404	journey	
control	control	D	B19	HH1	0	y	181,6	130	0,5827984596	0,4172015404	journey	
control	control	D	B19	HH1	0	y	181,6	130	0,5827984596	0,4172015404	journey	
control	control	D	B19	LS4	0	y	220	130	0,6285714286	0,3714285714	journey	oud mycoriza te zien, niet meegetelt
control	control	D	B19	LS4	0	y	220	130	0,6285714286	0,3714285714	journey	veel alg
control	control	D	B19	LS4	0	y	220	130	0,6285714286	0,3714285714	journey	
control	control	D	B20	HH1	0	n	80	80	0,5	0,5	Benthe	
control	control	D	B20	HH1	0	n	80	80	0,5	0,5	Benthe	
control	control	D	B20	HH1	0	n	80	80	0,5	0,5	Benthe	
control	control	D	B20	LS4	0	n	82	80	0,5061728395	0,4938271605	Benthe	
control	control	D	B20	LS4	8	n	82	80	0,5061728395	0,4938271605	Benthe	
control	control	D	B20	LS4	0	y	82	80	0,5061728395	0,4938271605	Benthe	
50µM	200µM	E	B21	HH1	15	y	156,9	110	0,587860622	0,412139378	journey	
50µM	200µM	E	B21	HH1	0	y	156,9	110	0,587860622	0,412139378	journey	
50µM	200µM	E	B21	HH1	0	y	156,9	110	0,587860622	0,412139378	journey	
50µM	200µM	E	B21	LS4	70	y	88,2	110	0,4450050454	0,5549949546	journey	
50µM	200µM	E	B21	LS4	5	y	88,2	110	0,4450050454	0,5549949546	journey	oud mycelium niet meegetelt
50µM	200µM	E	B21	LS4	70	y	88,2	110	0,4450050454	0,5549949546	journey	
50µM	200µM	E	B22	HH1	0	y	249	240	0,509202454	0,490797546	Benthe	
50µM	200µM	E	B22	HH1	0	y	249	240	0,509202454	0,490797546	Benthe	
50µM	200µM	E	B22	HH1	10	y	249	240	0,509202454	0,490797546	Benthe	Mycelium zichtbaar bij dichotoom vertakte wortels
50µM	200µM	E	B22	LS4	100	y	146	240	0,378238342	0,621761658	Benthe	Ook mycelium zichtbaar
50µM	200µM	E	B22	LS4	0	y	146	240	0,378238342	0,621761658	Benthe	
50µM	200µM	E	B22	LS4	60	y	146	240	0,378238342	0,621761658	Benthe	
50µM	200µM	E	B23	HH1	10	y	300,5	200	0,6003996004	0,3996003996	journey	
50µM	200µM	E	B23	HH1	5	y	300,5	200	0,6003996004	0,3996003996	journey	
50µM	200µM	E	B23	HH1	2	y	300,5	200	0,6003996004	0,3996003996	journey	
50µM	200µM	E	B23	LS4	60	y	137	200	0,4065281899	0,5934718101	journey	
50µM	200µM	E	B23	LS4	5	y	137	200	0,4065281899	0,5934718101	journey	
50µM	200µM	E	B23	LS4	0	y	137	200	0,4065281899	0,5934718101	journey	
50µM	200µM	E	B24	HH1	0	y	192	170	0,5303867403	0,4696132597	Benthe	
50µM	200µM	E	B24	HH1	38	y	192	170	0,5303867403	0,4696132597	Benthe	
50µM	200µM	E	B24	HH1	0	y	192	170	0,5303867403	0,4696132597	Benthe	
50µM	200µM	E	B24	LS4	60	y	146	170	0,4620253165	0,5379746835	Benthe	
50µM	200µM	E	B24	LS4	31	y	146	170	0,4620253165	0,5379746835	Benthe	
50µM	200µM	E	B24	LS4	90	y	146	170	0,4620253165	0,5379746835	Benthe	Bovenaan wortel dichotoom vertakte worteltjes erg donker gekleurd --> oud mycelium?
50µM	200µM	E	B25	HH1	5	y	105,6	230	0,3146603099	0,6853396901	journey	
50µM	200µM	E	B25	HH1	65	y	105,6	230	0,3146603099	0,6853396901	journey	sommige dichitoom vertakte  buds waren helemaal zwart wel meegetelt
50µM	200µM	E	B25	HH1	85	y	105,6	230	0,3146603099	0,6853396901	journey	
50µM	200µM	E	B25	LS4	75	y	181,5	230	0,4410692588	0,5589307412	journey	
50µM	200µM	E	B25	LS4	85	y	181,5	230	0,4410692588	0,5589307412	journey	
50µM	200µM	E	B25	LS4	0	y	181,5	230	0,4410692588	0,5589307412	journey	dichitoom vertakte buds met haar niet meegetelt
200µM	50µM	F	B26	HH1	0	y	145,9	290	0,3347097958	0,6652902042	journey	enkel wortelhaar op de main wortel niet op de buds
200µM	50µM	F	B26	HH1	0	n	145,9	290	0,3347097958	0,6652902042	journey	lange dichotoom vertakte buds maar geen haar en zag wel mycelium
200µM	50µM	F	B26	HH1	0	y	145,9	290	0,3347097958	0,6652902042	journey	
200µM	50µM	F	B26	LS4	99	y	416	290	0,5892351275	0,4107648725	journey	
200µM	50µM	F	B26	LS4	100	y	416	290	0,5892351275	0,4107648725	journey	wel dichotoom vertakte buds maar deze hadden wortelhaar
200µM	50µM	F	B26	LS4	65	y	416	290	0,5892351275	0,4107648725	journey	
200µM	50µM	F	B27	HH1	14	y	93,3	170	0,3543486517	0,6456513483	journey	lange dichotoom vertakte buds
200µM	50µM	F	B27	HH1	17	y	93,3	170	0,3543486517	0,6456513483	journey	
200µM	50µM	F	B27	HH1	22	y	93,3	170	0,3543486517	0,6456513483	journey	
200µM	50µM	F	B27	LS4	9	y	178,5	170	0,512195122	0,487804878	journey	
200µM	50µM	F	B27	LS4	7	y	178,5	170	0,512195122	0,487804878	journey	
200µM	50µM	F	B27	LS4	49	y	178,5	170	0,512195122	0,487804878	journey	
200µM	50µM	F	B28	HH1	24,3	y	150,6	210	0,4176372712	0,5823627288	journey	
200µM	50µM	F	B28	HH1	22	y	150,6	210	0,4176372712	0,5823627288	journey	
200µM	50µM	F	B28	HH1	0	y	150,6	210	0,4176372712	0,5823627288	journey	
200µM	50µM	F	B28	LS4	1	y	233,9	210	0,5269204776	0,4730795224	journey	bakje zat vol met zichtbaar mycelium niet terug te zien bij de stalen
200µM	50µM	F	B28	LS4	14	y	233,9	210	0,5269204776	0,4730795224	journey	
200µM	50µM	F	B28	LS4	0	y	233,9	210	0,5269204776	0,4730795224	journey	
200µM	50µM	F	B29	HH1	32	y	305	150	0,6703296703	0,3296703297	Benthe	
200µM	50µM	F	B29	HH1	57	y	305	150	0,6703296703	0,3296703297	Benthe	
200µM	50µM	F	B29	HH1	52	y	305	150	0,6703296703	0,3296703297	Benthe	
200µM	50µM	F	B29	LS4	26	n	90	150	375	625	Benthe	
200µM	50µM	F	B29	LS4	60	y	90	150	375	625	Benthe	
200µM	50µM	F	B29	LS4	0	y	90	150	375	625	Benthe	
200µM	50µM	F	B30	HH1	20	y	249,9	170	0,5951417004	0,4048582996	NA	
200µM	50µM	F	B30	HH1	40	y	249,9	170	0,5951417004	0,4048582996	NA	
200µM	50µM	F	B30	HH1	60	y	249,9	170	0,5951417004	0,4048582996	NA	
200µM	50µM	F	B30	LS4	30	y	197,5	170	0,537414966	0,462585034	NA	
200µM	50µM	F	B30	LS4	70	y	197,5	170	0,537414966	0,462585034	NA	
200µM	50µM	F	B30	LS4	100	y	197,5	170	0,537414966	0,462585034	NA	
control	control	G	B31	LS4	0	y	103	110	0,4835680751	0,5164319249	rik	
control	control	G	B31	LS4	90	y	103	110	0,4835680751	0,5164319249	rik	
control	control	G	B31	LS4	15	y	103	110	0,4835680751	0,5164319249	rik	
control	control	G	B31	HH1	0	y	144,9	110	0,5684582189	0,4315417811	rik	
control	control	G	B31	HH1	0	y	144,9	110	0,5684582189	0,4315417811	rik	
control	control	G	B31	HH1	0	y	144,9	110	0,5684582189	0,4315417811	rik	
control	control	G	B32	HH1	31	n	280	320	0,4666666667	0,5333333333	Benthe	
control	control	G	B32	HH1	45	n	280	320	0,4666666667	0,5333333333	Benthe	
control	control	G	B32	HH1	54	y	280	320	0,4666666667	0,5333333333	Benthe	
control	control	G	B32	LS4	95	n	344	320	0,5180722892	0,4819277108	journey	
control	control	G	B32	LS4	92	n	344	320	0,5180722892	0,4819277108	journey	
control	control	G	B32	LS4	55	y	344	320	0,5180722892	0,4819277108	journey	
control	control	G	B33	HH1	2	n	163	140	0,5379537954	0,4620462046	Benthe	
control	control	G	B33	HH1	0	y	163	140	0,5379537954	0,4620462046	Benthe	
control	control	G	B33	HH1	0	y	163	140	0,5379537954	0,4620462046	Benthe	
control	control	G	B33	LS4	0	y	135	140	0,4909090909	0,5090909091	journey	
control	control	G	B33	LS4	0	y	135	140	0,4909090909	0,5090909091	journey	
control	control	G	B33	LS4	0	y	135	140	0,4909090909	0,5090909091	journey	
control	control	G	B34	LS4	0	y	238	190	0,5560747664	0,4439252336	rik	
control	control	G	B34	LS4	3	y	238	190	0,5560747664	0,4439252336	rik	
control	control	G	B34	LS4	23	y	238	190	0,5560747664	0,4439252336	rik	
control	control	G	B34	HH1	50	y	120	190	0,3870967742	0,6129032258	rik	
control	control	G	B34	HH1	75	y	120	190	0,3870967742	0,6129032258	rik	
control	control	G	B34	HH1	70	y	120	190	0,3870967742	0,6129032258	rik	
control	control	G	B35	HH1	0	y	140	100	0,5833333333	0,4166666667	Benthe	
control	control	G	B35	HH1	0	y	140	100	0,5833333333	0,4166666667	Benthe	
control	control	G	B35	HH1	0	n	140	100	0,5833333333	0,4166666667	Benthe	
control	control	G	B35	LS4	0	y	150	100	0,6	0,4	journey	
control	control	G	B35	LS4	12,5	y	150	100	0,6	0,4	journey	
control	control	G	B35	LS4	8,1	y	150	100	0,6	0,4	journey	
50µM	200µM	H	B36	HH1	30	y	100	110	0,4761904762	0,5238095238	journey	
50µM	200µM	H	B36	HH1	30	y	100	110	0,4761904762	0,5238095238	journey	
50µM	200µM	H	B36	HH1	40	y	100	110	0,4761904762	0,5238095238	journey	
50µM	200µM	H	B36	LS4	100	n	151,6	110	0,5795107034	0,4204892966	journey	wortelhaar heel minimaal aanwezig genoteerd als niet aanwezig
50µM	200µM	H	B36	LS4	0	y	151,6	110	0,5795107034	0,4204892966	journey	
50µM	200µM	H	B36	LS4	40	y	151,6	110	0,5795107034	0,4204892966	journey	
50µM	200µM	H	B37	HH1	23	y	120	180	0,4	0,6	Benthe	
50µM	200µM	H	B37	HH1	60	y	120	180	0,4	0,6	Benthe	
50µM	200µM	H	B37	HH1	8	y	120	180	0,4	0,6	Benthe	
50µM	200µM	H	B37	LS4	26	y	126	180	0,4117647059	0,5882352941	Benthe	
50µM	200µM	H	B37	LS4	50	y	126	180	0,4117647059	0,5882352941	Benthe	
50µM	200µM	H	B37	LS4	80	y	126	180	0,4117647059	0,5882352941	Benthe	
50µM	200µM	H	B38	HH1	1	y	160	100	0,6153846154	0,3846153846	journey	lange dichitoom vertakte buds niet meegetelt (ook geen draden zichtbaar)
50µM	200µM	H	B38	HH1	0	y	160	100	0,6153846154	0,3846153846	journey	
50µM	200µM	H	B38	HH1	0	y	160	100	0,6153846154	0,3846153846	journey	
50µM	200µM	H	B38	LS4	50	y	99,2	100	0,4979919679	0,5020080321	journey	
50µM	200µM	H	B38	LS4	60	y	99,2	100	0,4979919679	0,5020080321	journey	
50µM	200µM	H	B38	LS4	70	y	99,2	100	0,4979919679	0,5020080321	journey	
50µM	200µM	H	B39	HH1	0	y	98	170	0,3656716418	0,6343283582	Benthe	
50µM	200µM	H	B39	HH1	0	y	98	170	0,3656716418	0,6343283582	Benthe	
50µM	200µM	H	B39	HH1	0	y	98	170	0,3656716418	0,6343283582	Benthe	
50µM	200µM	H	B39	LS4	0	y	110	170	0,3928571429	0,6071428571	Benthe	
50µM	200µM	H	B39	LS4	5	y	110	170	0,3928571429	0,6071428571	Benthe	
50µM	200µM	H	B39	LS4	36	y	110	170	0,3928571429	0,6071428571	Benthe	
50µM	200µM	H	B40	HH1	30	y	128,4	180	0,4163424125	0,5836575875	journey	
50µM	200µM	H	B40	HH1	0	y	128,4	180	0,4163424125	0,5836575875	journey	
50µM	200µM	H	B40	HH1	12	y	128,4	180	0,4163424125	0,5836575875	journey	
50µM	200µM	H	B40	LS4	10	y	153,6	180	0,4604316547	0,5395683453	journey	
50µM	200µM	H	B40	LS4	70	y	153,6	180	0,4604316547	0,5395683453	journey	
50µM	200µM	H	B40	LS4	15	y	153,6	180	0,4604316547	0,5395683453	journey	
200µM	200µM	I	B41	HH1	0	y	100	120	0,4545454545	0,5454545455	Benthe	
200µM	200µM	I	B41	HH1	0	y	100	120	0,4545454545	0,5454545455	Benthe	
200µM	200µM	I	B41	HH1	0	y	100	120	0,4545454545	0,5454545455	Benthe	
200µM	200µM	I	B41	LS4	0	y	260	120	0,6842105263	0,3157894737	journey	
200µM	200µM	I	B41	LS4	20	y	260	120	0,6842105263	0,3157894737	journey	
200µM	200µM	I	B41	LS4	65	y	260	120	0,6842105263	0,3157894737	journey	
200µM	200µM	I	B42	HH1	0	y	257,8	160	0,6170416467	0,3829583533	journey	veel wortelhaar
200µM	200µM	I	B42	HH1	0	y	257,8	160	0,6170416467	0,3829583533	journey	veel wortelhaar
200µM	200µM	I	B42	HH1	0	y	257,8	160	0,6170416467	0,3829583533	journey	veel wortelhaar
200µM	200µM	I	B42	LS4	40	y	148,4	160	0,4811932555	0,5188067445	journey	de stam van dichotoom vertakte buds had haar maar duidelijk mycelium bij uiteindes wel meegetelt
200µM	200µM	I	B42	LS4	50	y	148,4	160	0,4811932555	0,5188067445	journey	
200µM	200µM	I	B42	LS4	70	y	148,4	160	0,4811932555	0,5188067445	journey	
200µM	200µM	I	B43	HH1	0	y	334	200	0,6254681648	0,3745318352	Benthe	
200µM	200µM	I	B43	HH1	0	y	334	200	0,6254681648	0,3745318352	Benthe	
200µM	200µM	I	B43	HH1	0	y	334	200	0,6254681648	0,3745318352	Benthe	
200µM	200µM	I	B43	LS4	0	y	200	200	0,5	0,5	Benthe	
200µM	200µM	I	B43	LS4	0	y	200	200	0,5	0,5	Benthe	
200µM	200µM	I	B43	LS4	0	y	200	200	0,5	0,5	Benthe	
200µM	200µM	I	B44	HH1	0	y	199	160	0,5543175487	0,4456824513	journey	
200µM	200µM	I	B44	HH1	0	y	199	160	0,5543175487	0,4456824513	journey	
200µM	200µM	I	B44	HH1	0	y	199	160	0,5543175487	0,4456824513	journey	
200µM	200µM	I	B44	LS4	0	y	107,7	160	0,4023160254	0,5976839746	journey	
200µM	200µM	I	B44	LS4	0	y	107,7	160	0,4023160254	0,5976839746	journey	
200µM	200µM	I	B44	LS4	0	y	107,7	160	0,4023160254	0,5976839746	journey	
200µM	200µM	I	B45	HH1	57	y	252	240	0,512195122	0,487804878	Benthe	
200µM	200µM	I	B45	HH1	25	y	252	240	0,512195122	0,487804878	Benthe	
200µM	200µM	I	B45	HH1	47	y	252	240	0,512195122	0,487804878	Benthe	
200µM	200µM	I	B45	LS4	29	y	269	240	0,5284872299	0,4715127701	Benthe	
200µM	200µM	I	B45	LS4	10	y	269	240	0,5284872299	0,4715127701	Benthe	
200µM	200µM	I	B45	LS4	0	y	269	240	0,5284872299	0,4715127701	Benthe	
control	control	J	B46	HH1	0	y	94	220	0,2993630573	0,7006369427	Benthe	
control	control	J	B46	HH1	0	n	94	220	0,2993630573	0,7006369427	Benthe	
control	control	J	B46	HH1	0	y	94	220	0,2993630573	0,7006369427	Benthe	
control	control	J	B46	LS4	0	y	250	220	0,5319148936	0,4680851064	Benthe	
control	control	J	B46	LS4	0	y	250	220	0,5319148936	0,4680851064	Benthe	
control	control	J	B46	LS4	0	n	250	220	0,5319148936	0,4680851064	Benthe	
control	control	J	B47	HH1	0	y	282	140	0,6682464455	0,3317535545	journey	perliet rook ook niet naar fungi
control	control	J	B47	HH1	0	y	282	140	0,6682464455	0,3317535545	journey	
control	control	J	B47	HH1	0	y	282	140	0,6682464455	0,3317535545	journey	
control	control	J	B47	LS4	0	y	93,5	140	0,4004282655	0,5995717345	journey	
control	control	J	B47	LS4	0	y	93,5	140	0,4004282655	0,5995717345	journey	
control	control	J	B47	LS4	0	y	93,5	140	0,4004282655	0,5995717345	journey	
control	control	J	B48	HH1	0	y	90	110	0,45	0,55	Benthe	
control	control	J	B48	HH1	0	y	90	110	0,45	0,55	Benthe	
control	control	J	B48	HH1	0	y	90	110	0,45	0,55	Benthe	
control	control	J	B48	LS4	0	y	95	110	0,4634146341	0,5365853659	Benthe	
control	control	J	B48	LS4	0	y	95	110	0,4634146341	0,5365853659	Benthe	
control	control	J	B48	LS4	0	y	95	110	0,4634146341	0,5365853659	Benthe	
control	control	J	B49	HH1	0	y	238,7	210	0,5319812793	0,4680187207	journey	dichitoom vertakte buds met wortelhaar er was wel mycelium te zien bij niet dichitoom vertakte buds
control	control	J	B49	HH1	10	y	238,7	210	0,5319812793	0,4680187207	journey	
control	control	J	B49	HH1	15	y	238,7	210	0,5319812793	0,4680187207	journey	oud mycelium ook zichtbaar
control	control	J	B49	LS4	0	y	155,5	210	0,4254445964	0,5745554036	journey	
control	control	J	B49	LS4	0	y	155,5	210	0,4254445964	0,5745554036	journey	
control	control	J	B49	LS4	0	y	155,5	210	0,4254445964	0,5745554036	journey	
control	control	J	B50	HH1	0	y	61,1	70	0,4660564455	0,5339435545	journey	
control	control	J	B50	HH1	0	y	61,1	70	0,4660564455	0,5339435545	journey	
control	control	J	B50	HH1	0	y	61,1	70	0,4660564455	0,5339435545	journey	
control	control	J	B50	LS4	0	y	83	70	0,5424836601	0,4575163399	journey	
control	control	J	B50	LS4	0	y	83	70	0,5424836601	0,4575163399	journey	
control	control	J	B50	LS4	0	y	83	70	0,5424836601	0,4575163399	journey	
50µM	50µM	K	B51	HH1	0	y	154	80	0,6581196581	0,3418803419	Benthe	
50µM	50µM	K	B51	HH1	30	n	154	80	0,6581196581	0,3418803419	Benthe	
50µM	50µM	K	B51	HH1	0	n	154	80	0,6581196581	0,3418803419	Benthe	
50µM	50µM	K	B51	LS4	NA	NA	9	80	0,1011235955	0,8988764045	Benthe	Wortel niet voldoende groot om tellingen uit te voeren
50µM	50µM	K	B51	LS4	NA	NA	9	80	0,1011235955	0,8988764045	Benthe	
50µM	50µM	K	B51	LS4	NA	NA	9	80	0,1011235955	0,8988764045	Benthe	
50µM	50µM	K	B52	HH1	100	y	199,3	180	0,525441603	0,474558397	journey	
50µM	50µM	K	B52	HH1	35	y	199,3	180	0,525441603	0,474558397	journey	
50µM	50µM	K	B52	HH1	5	y	199,3	180	0,525441603	0,474558397	journey	
50µM	50µM	K	B52	LS4	100	y	131,9	180	0,4228919525	0,5771080475	journey	
50µM	50µM	K	B52	LS4	95	y	131,9	180	0,4228919525	0,5771080475	journey	
50µM	50µM	K	B52	LS4	85	y	131,9	180	0,4228919525	0,5771080475	journey	
50µM	50µM	K	B53	HH1	0	y	170	130	0,5666666667	0,4333333333	Benthe	
50µM	50µM	K	B53	HH1	0	y	170	130	0,5666666667	0,4333333333	Benthe	
50µM	50µM	K	B53	HH1	0	y	170	130	0,5666666667	0,4333333333	Benthe	
50µM	50µM	K	B53	LS4	0	y	94	130	0,4196428571	0,5803571429	Benthe	
50µM	50µM	K	B53	LS4	0	y	94	130	0,4196428571	0,5803571429	Benthe	
50µM	50µM	K	B53	LS4	0	y	94	130	0,4196428571	0,5803571429	Benthe	
50µM	50µM	K	B54	HH1	5	y	157,6	180	0,4668246445	0,5331753555	journey	
50µM	50µM	K	B54	HH1	10	y	157,6	180	0,4668246445	0,5331753555	journey	
50µM	50µM	K	B54	HH1	20	y	157,6	180	0,4668246445	0,5331753555	journey	
50µM	50µM	K	B54	LS4	0	y	115,7	180	0,3912749408	0,6087250592	journey	
50µM	50µM	K	B54	LS4	0	y	115,7	180	0,3912749408	0,6087250592	journey	als er al dichitoom vertakte buds waren waren deze erg lang. niet meegetelt
50µM	50µM	K	B54	LS4	5	y	115,7	180	0,3912749408	0,6087250592	journey	
50µM	50µM	K	B55	HH1	0	y	92	150	0,3801652893	0,6198347107	Benthe	
50µM	50µM	K	B55	HH1	0	y	92	150	0,3801652893	0,6198347107	Benthe	
50µM	50µM	K	B55	HH1	0	y	92	150	0,3801652893	0,6198347107	Benthe	
50µM	50µM	K	B55	LS4	0	y	210	150	0,5833333333	0,4166666667	Benthe	Erg lage densiteit wortelhaartjes
50µM	50µM	K	B55	LS4	0	y	210	150	0,5833333333	0,4166666667	Benthe	
50µM	50µM	K	B55	LS4	0	y	210	150	0,5833333333	0,4166666667	Benthe	
200µM	200µM	L	B56	HH1	NA	NA	3	160	0,01840490798	0,981595092	journey	root dood 
200µM	200µM	L	B56	HH1	NA	NA	3	160	0,01840490798	0,981595092	journey	root dood 
200µM	200µM	L	B56	HH1	NA	NA	3	160	0,01840490798	0,981595092	journey	root dood 
200µM	200µM	L	B56	LS4	0	y	158,7	160	0,4979604644	0,5020395356	journey	
200µM	200µM	L	B56	LS4	0	y	158,7	160	0,4979604644	0,5020395356	journey	
200µM	200µM	L	B56	LS4	0	y	158,7	160	0,4979604644	0,5020395356	journey	
200µM	200µM	L	B57	HH1	0	y	370	340	0,5211267606	0,4788732394	Benthe	
200µM	200µM	L	B57	HH1	0	y	370	340	0,5211267606	0,4788732394	Benthe	Zichtbaar mycelium op sommige locaties
200µM	200µM	L	B57	HH1	0	y	370	340	0,5211267606	0,4788732394	Benthe	Zichtbaar mycelium op sommige locaties
200µM	200µM	L	B57	LS4	0	y	285	340	456	544	Benthe	
200µM	200µM	L	B57	LS4	0	y	285	340	456	544	Benthe	Zichtbaar mycelium op sommige locaties
200µM	200µM	L	B57	LS4	0	y	285	340	456	544	Benthe	
200µM	200µM	L	B58	HH1	0	y	120	110	0,5217391304	0,4782608696	journey	
200µM	200µM	L	B58	HH1	0	y	120	110	0,5217391304	0,4782608696	journey	
200µM	200µM	L	B58	HH1	0	y	120	110	0,5217391304	0,4782608696	journey	
200µM	200µM	L	B58	LS4	0	y	122,8	110	0,5274914089	0,4725085911	journey	
200µM	200µM	L	B58	LS4	0	y	122,8	110	0,5274914089	0,4725085911	journey	
200µM	200µM	L	B58	LS4	0	y	122,8	110	0,5274914089	0,4725085911	journey	
200µM	200µM	L	B59	HH1	0	y	170	150	0,53125	0,46875	Benthe	
200µM	200µM	L	B59	HH1	0	y	170	150	0,53125	0,46875	Benthe	
200µM	200µM	L	B59	HH1	0	y	170	150	0,53125	0,46875	Benthe	
200µM	200µM	L	B59	LS4	0	y	124,3	150	0,4531534816	0,5468465184	journey	
200µM	200µM	L	B59	LS4	0	y	124,3	150	0,4531534816	0,5468465184	journey	
200µM	200µM	L	B59	LS4	0	y	124,3	150	0,4531534816	0,5468465184	journey	
200µM	200µM	L	B60	HH1	0	y	92	160	0,3650793651	0,6349206349	Benthe	!! 1 wortel van HH1 reikte tot in het bakje van LS4
200µM	200µM	L	B60	HH1	0	y	92	160	0,3650793651	0,6349206349	Benthe	
200µM	200µM	L	B60	HH1	0	y	92	160	0,3650793651	0,6349206349	Benthe	
200µM	200µM	L	B60	LS4	0	n	256	160	0,6153846154	0,3846153846	Benthe	
200µM	200µM	L	B60	LS4	0	y	256	160	0,6153846154	0,3846153846	Benthe	
200µM	200µM	L	B60	LS4	0	y	256	160	0,6153846154	0,3846153846	Benthe	
